Job Title,Company Name,Location
QA Manual/Automation Engineer (with Python),QA Manual/Automation Engineer (with Python),Poland (Remote)
(Senior) Big Data Engineer (m/w/d),(Senior) Big Data Engineer (m/w/d),Germany (Remote)
Data Analytics Engineer,Data Analytics Engineer,Hungary (Remote)
AWS Cloud Engineer,AWS Cloud Engineer,Spain (Remote)
Data Engineer,Data Engineer,"Warsaw, Mazowieckie, Poland (Remote)"
Junior Java Developer,Junior Java Developer,Bucharest Metropolitan Area (Remote)
Data Software Engineer (Scala),Data Software Engineer (Scala),European Union (Remote)
,,
,,
,,
,,
,,
,,
,,
,,
,,
,,
,,
,,
,,
,,
,,
,,
,,
,,
